<?xml version="1.0" encoding="UTF-8"?>
<!DOCTYPE mapper
	 PUBLIC "-//mybatis.org//DTD Mapper 3.0//EN"
	 "http://mybatis.org/dtd/mybatis-3-mapper.dtd">

<mapper namespace="Board">
	<select id="Board_getList"  resultType="BoardDto" parameterType="BoardDto">
		select 
			A.seq
			,A.title
			, A.writer
			, to_char(A.wdate, 'yyyy-mm-dd') wdate
			, A.contents
			, A.hit
			, A.rnum 
		from 
		(
		    select A.seq, A.title, A.writer, A.wdate, A.contents,A.hit,
		           row_number() over( order by seq desc) as rnum,
		           ceil(row_number() over( order by seq desc)/10) as pg 
		    from tb_board A
		)A where pg=#{pg}
	</select>
	
	<select id="Board_getView"  resultType="BoardDto"   parameterType="BoardDto">
		select 
			A.seq
			,A.title
			,A.writer
			,A.hit
			,A.contents
			,A.wdate 
		from tb_board A
		where A.seq = #{seq} 
	</select>
	<!--  #{seq}-실제변수와 바인딩이 늦게, 원래데이터타입이 숫자면 14 만일 문자면 '14' 
	, ${seq} 무조건 대체, 숫자든 문자나   14 
	테이블명도  #{tablename}  =>from 'tb_board1' ${tablename} => from tb_board1
	
	  Tom's company => Tom''s company  디비에 들어가면 안되는 문자들울 대체문자로 
	  바꾸어서 저장해야 한다. 
	  -->
	  
	  <insert id="Board_insert" parameterType="BoardDto">
	  	 <selectKey resultType="String" keyProperty="seq" order="BEFORE"> 
	  	 	select nvl(max(seq), 0)+1 from tb_board
	  	 </selectKey>
	  	 
	  	 insert into tb_board
	  	 (
		  	 seq
		  	 ,title
		  	 ,writer
		  	 ,contents
		  	 ,wdate
	  	 )
	  	 values
	  	 (
	  	  	#{seq}
		  	 ,#{title}
		  	 ,#{writer}
		  	 ,#{contents}
		  	 ,sysdate
	  	 )
	  </insert>
	  
</mapper>





